,strata,country,age_gender,employed,tertiary,population,pop_country
1,1,Austria,1,2,2,176951,7601290
2,2,Austria,1,2,1,18046,7601290
3,3,Austria,1,1,2,203608,7601290
4,4,Austria,1,1,1,40597,7601290
5,5,Austria,2,2,2,60234,7601290
6,6,Austria,2,2,1,23308,7601290
7,7,Austria,2,1,2,323530,7601290
8,8,Austria,2,1,1,215595,7601290
9,9,Austria,3,2,2,45952,7601290
10,10,Austria,3,2,1,11744,7601290
11,11,Austria,3,1,2,330146,7601290
12,12,Austria,3,1,1,218060,7601290
13,13,Austria,4,2,2,61085,7601290
14,14,Austria,4,2,1,11784,7601290
15,15,Austria,4,1,2,362815,7601290
16,16,Austria,4,1,1,200636,7601290
17,17,Austria,5,2,2,199050,7601290
18,18,Austria,5,2,1,44707,7601290
19,19,Austria,5,1,2,258447,7601290
20,20,Austria,5,1,1,148658,7601290
21,21,Austria,6,2,2,520052,7601290
22,22,Austria,6,2,1,187301,7601290
23,23,Austria,6,1,2,28645,7601290
24,24,Austria,6,1,1,26095,7601290
25,25,Austria,7,2,2,187524,7601290
26,26,Austria,7,2,1,25784,7601290
27,27,Austria,7,1,2,143418,7601290
28,28,Austria,7,1,1,54798,7601290
29,29,Austria,8,2,2,76167,7601290
30,30,Austria,8,2,1,37478,7601290
31,31,Austria,8,1,2,234744,7601290
32,32,Austria,8,1,1,242144,7601290
33,33,Austria,9,2,2,67825,7601290
34,34,Austria,9,2,1,27796,7601290
35,35,Austria,9,1,2,274274,7601290
36,36,Austria,9,1,1,224335,7601290
37,37,Austria,10,2,2,86292,7601290
38,38,Austria,10,2,1,14887,7601290
39,39,Austria,10,1,2,363487,7601290
40,40,Austria,10,1,1,178249,7601290
41,41,Austria,11,2,2,297656,7601290
42,42,Austria,11,2,1,50663,7601290
43,43,Austria,11,1,2,219512,7601290
44,44,Austria,11,1,1,93615,7601290
45,45,Austria,12,2,2,840877,7601290
46,46,Austria,12,2,1,109909,7601290
47,47,Austria,12,1,2,23572,7601290
48,48,Austria,12,1,1,9239,7601290
49,1,Belgium,1,2,2,413883,9551571
50,2,Belgium,1,2,1,36659,9551571
51,3,Belgium,1,1,2,128291,9551571
52,4,Belgium,1,1,1,34561,9551571
53,5,Belgium,2,2,2,87864,9551571
54,6,Belgium,2,2,1,34489,9551571
55,7,Belgium,2,1,2,330279,9551571
56,8,Belgium,2,1,1,301627,9551571
57,9,Belgium,3,2,2,75631,9551571
58,10,Belgium,3,2,1,16208,9551571
59,11,Belgium,3,1,2,374913,9551571
60,12,Belgium,3,1,1,289108,9551571
61,13,Belgium,4,2,2,98307,9551571
62,14,Belgium,4,2,1,17176,9551571
63,15,Belgium,4,1,2,359741,9551571
64,16,Belgium,4,1,1,297255,9551571
65,17,Belgium,5,2,2,248461,9551571
66,18,Belgium,5,2,1,55063,9551571
67,19,Belgium,5,1,2,268141,9551571
68,20,Belgium,5,1,1,201809,9551571
69,21,Belgium,6,2,2,704777,9551571
70,22,Belgium,6,2,1,254069,9551571
71,23,Belgium,6,1,2,25192,9551571
72,24,Belgium,6,1,1,23671,9551571
73,25,Belgium,7,2,2,381604,9551571
74,26,Belgium,7,2,1,52785,9551571
75,27,Belgium,7,1,2,94836,9551571
76,28,Belgium,7,1,1,52909,9551571
77,29,Belgium,8,2,2,123174,9551571
78,30,Belgium,8,2,1,44161,9551571
79,31,Belgium,8,1,2,201521,9551571
80,32,Belgium,8,1,1,377499,9551571
81,33,Belgium,9,2,2,117688,9551571
82,34,Belgium,9,2,1,40641,9551571
83,35,Belgium,9,1,2,222689,9551571
84,36,Belgium,9,1,1,372273,9551571
85,37,Belgium,10,2,2,133718,9551571
86,38,Belgium,10,2,1,35280,9551571
87,39,Belgium,10,1,2,267994,9551571
88,40,Belgium,10,1,1,317956,9551571
89,41,Belgium,11,2,2,291079,9551571
90,42,Belgium,11,2,1,85817,9551571
91,43,Belgium,11,1,2,204191,9551571
92,44,Belgium,11,1,1,194809,9551571
93,45,Belgium,12,2,2,1007895,9551571
94,46,Belgium,12,2,1,231691,9551571
95,47,Belgium,12,1,2,14532,9551571
96,48,Belgium,12,1,1,7654,9551571
97,1,Bulgaria,1,2,2,216366,5779210
98,2,Bulgaria,1,2,1,3401,5779210
99,3,Bulgaria,1,1,2,62965,5779210
100,4,Bulgaria,1,1,1,4084,5779210
101,5,Bulgaria,2,2,2,62731,5779210
102,6,Bulgaria,2,2,1,11843,5779210
103,7,Bulgaria,2,1,2,233285,5779210
104,8,Bulgaria,2,1,1,104823,5779210
105,9,Bulgaria,3,2,2,60112,5779210
106,10,Bulgaria,3,2,1,5893,5779210
107,11,Bulgaria,3,1,2,310067,5779210
108,12,Bulgaria,3,1,1,134093,5779210
109,13,Bulgaria,4,2,2,71112,5779210
110,14,Bulgaria,4,2,1,4448,5779210
111,15,Bulgaria,4,1,2,343598,5779210
112,16,Bulgaria,4,1,1,108584,5779210
113,17,Bulgaria,5,2,2,103766,5779210
114,18,Bulgaria,5,2,1,14373,5779210
115,19,Bulgaria,5,1,2,245512,5779210
116,20,Bulgaria,5,1,1,77179,5779210
117,21,Bulgaria,6,2,2,449409,5779210
118,22,Bulgaria,6,2,1,82290,5779210
119,23,Bulgaria,6,1,2,36732,5779210
120,24,Bulgaria,6,1,1,19996,5779210
121,25,Bulgaria,7,2,2,223184,5779210
122,26,Bulgaria,7,2,1,3344,5779210
123,27,Bulgaria,7,1,2,38486,5779210
124,28,Bulgaria,7,1,1,5146,5779210
125,29,Bulgaria,8,2,2,96367,5779210
126,30,Bulgaria,8,2,1,17451,5779210
127,31,Bulgaria,8,1,2,140763,5779210
128,32,Bulgaria,8,1,1,136447,5779210
129,33,Bulgaria,9,2,2,76047,5779210
130,34,Bulgaria,9,2,1,12437,5779210
131,35,Bulgaria,9,1,2,203424,5779210
132,36,Bulgaria,9,1,1,185609,5779210
133,37,Bulgaria,10,2,2,77213,5779210
134,38,Bulgaria,10,2,1,9659,5779210
135,39,Bulgaria,10,1,2,255688,5779210
136,40,Bulgaria,10,1,1,165621,5779210
137,41,Bulgaria,11,2,2,143486,5779210
138,42,Bulgaria,11,2,1,26646,5779210
139,43,Bulgaria,11,1,2,200862,5779210
140,44,Bulgaria,11,1,1,100916,5779210
141,45,Bulgaria,12,2,2,703408,5779210
142,46,Bulgaria,12,2,1,149767,5779210
143,47,Bulgaria,12,1,2,20834,5779210
144,48,Bulgaria,12,1,1,19741,5779210
145,1,Croatia,1,2,2,117324,3272111
146,2,Croatia,1,2,1,4041,3272111
147,3,Croatia,1,1,2,58967,3272111
148,4,Croatia,1,1,1,3785,3272111
149,5,Croatia,2,2,2,26578,3272111
150,6,Croatia,2,2,1,8080,3272111
151,7,Croatia,2,1,2,135955,3272111
152,8,Croatia,2,1,1,54167,3272111
153,9,Croatia,3,2,2,27793,3272111
154,10,Croatia,3,2,1,3283,3272111
155,11,Croatia,3,1,2,182121,3272111
156,12,Croatia,3,1,1,49158,3272111
157,13,Croatia,4,2,2,47859,3272111
158,14,Croatia,4,2,1,3274,3272111
159,15,Croatia,4,1,2,158344,3272111
160,16,Croatia,4,1,1,47433,3272111
161,17,Croatia,5,2,2,103963,3272111
162,18,Croatia,5,2,1,13411,3272111
163,19,Croatia,5,1,2,118416,3272111
164,20,Croatia,5,1,1,33716,3272111
165,21,Croatia,6,2,2,271559,3272111
166,22,Croatia,6,2,1,68204,3272111
167,23,Croatia,6,1,2,11361,3272111
168,24,Croatia,6,1,1,10209,3272111
169,25,Croatia,7,2,2,126028,3272111
170,26,Croatia,7,2,1,7852,3272111
171,27,Croatia,7,1,2,34360,3272111
172,28,Croatia,7,1,1,5533,3272111
173,29,Croatia,8,2,2,43659,3272111
174,30,Croatia,8,2,1,16922,3272111
175,31,Croatia,8,1,2,76712,3272111
176,32,Croatia,8,1,1,79742,3272111
177,33,Croatia,9,2,2,41446,3272111
178,34,Croatia,9,2,1,3071,3272111
179,35,Croatia,9,1,2,127935,3272111
180,36,Croatia,9,1,1,86463,3272111
181,37,Croatia,10,2,2,63143,3272111
182,38,Croatia,10,2,1,4873,3272111
183,39,Croatia,10,1,2,135119,3272111
184,40,Croatia,10,1,1,57593,3272111
185,41,Croatia,11,2,2,147504,3272111
186,42,Croatia,11,2,1,13072,3272111
187,43,Croatia,11,1,2,97336,3272111
188,44,Croatia,11,1,1,37531,3272111
189,45,Croatia,12,2,2,422554,3272111
190,46,Croatia,12,2,1,72620,3272111
191,47,Croatia,12,1,2,7756,3272111
192,48,Croatia,12,1,1,4283,3272111
193,1,Cyprus,1,2,2,30301,750194
194,2,Cyprus,1,2,1,1447,750194
195,3,Cyprus,1,1,2,13851,750194
196,4,Cyprus,1,1,1,3654,750194
197,5,Cyprus,2,2,2,7016,750194
198,6,Cyprus,2,2,1,3595,750194
199,7,Cyprus,2,1,2,29606,750194
200,8,Cyprus,2,1,1,33668,750194
201,9,Cyprus,3,2,2,2807,750194
202,10,Cyprus,3,2,1,1460,750194
203,11,Cyprus,3,1,2,30845,750194
204,12,Cyprus,3,1,1,28565,750194
205,13,Cyprus,4,2,2,3477,750194
206,14,Cyprus,4,2,1,1400,750194
207,15,Cyprus,4,1,2,27139,750194
208,16,Cyprus,4,1,1,20035,750194
209,17,Cyprus,5,2,2,10034,750194
210,18,Cyprus,5,2,1,2846,750194
211,19,Cyprus,5,1,2,26592,750194
212,20,Cyprus,5,1,1,13334,750194
213,21,Cyprus,6,2,2,43947,750194
214,22,Cyprus,6,2,1,13987,750194
215,23,Cyprus,6,1,2,7660,750194
216,24,Cyprus,6,1,1,4113,750194
217,25,Cyprus,7,2,2,30559,750194
218,26,Cyprus,7,2,1,2270,750194
219,27,Cyprus,7,1,2,9435,750194
220,28,Cyprus,7,1,1,7079,750194
221,29,Cyprus,8,2,2,8106,750194
222,30,Cyprus,8,2,1,8984,750194
223,31,Cyprus,8,1,2,17906,750194
224,32,Cyprus,8,1,1,41969,750194
225,33,Cyprus,9,2,2,6329,750194
226,34,Cyprus,9,2,1,5895,750194
227,35,Cyprus,9,1,2,20281,750194
228,36,Cyprus,9,1,1,38798,750194
229,37,Cyprus,10,2,2,10158,750194
230,38,Cyprus,10,2,1,3922,750194
231,39,Cyprus,10,1,2,24619,750194
232,40,Cyprus,10,1,1,18623,750194
233,41,Cyprus,11,2,2,19401,750194
234,42,Cyprus,11,2,1,5490,750194
235,43,Cyprus,11,1,2,19078,750194
236,44,Cyprus,11,1,1,10126,750194
237,45,Cyprus,12,2,2,65496,750194
238,46,Cyprus,12,2,1,9932,750194
239,47,Cyprus,12,1,2,3149,750194
240,48,Cyprus,12,1,1,1209,750194
241,1,Czechia,1,2,2,299625,8716228
242,2,Czechia,1,2,1,15776,8716228
243,3,Czechia,1,1,2,127804,8716228
244,4,Czechia,1,1,1,5927,8716228
245,5,Czechia,2,2,2,35038,8716228
246,6,Czechia,2,2,1,6059,8716228
247,7,Czechia,2,1,2,435240,8716228
248,8,Czechia,2,1,1,175006,8716228
249,9,Czechia,3,2,2,32121,8716228
250,10,Czechia,3,2,1,3921,8716228
251,11,Czechia,3,1,2,549771,8716228
252,12,Czechia,3,1,1,212723,8716228
253,13,Czechia,4,2,2,39761,8716228
254,14,Czechia,4,2,1,3643,8716228
255,15,Czechia,4,1,2,608332,8716228
256,16,Czechia,4,1,1,166473,8716228
257,17,Czechia,5,2,2,125385,8716228
258,18,Czechia,5,2,1,12190,8716228
259,19,Czechia,5,1,2,380887,8716228
260,20,Czechia,5,1,1,113259,8716228
261,21,Czechia,6,2,2,703038,8716228
262,22,Czechia,6,2,1,124783,8716228
263,23,Czechia,6,1,2,50581,8716228
264,24,Czechia,6,1,1,34380,8716228
265,25,Czechia,7,2,2,320850,8716228
266,26,Czechia,7,2,1,12233,8716228
267,27,Czechia,7,1,2,78192,8716228
268,28,Czechia,7,1,1,12833,8716228
269,29,Czechia,8,2,2,139983,8716228
270,30,Czechia,8,2,1,89009,8716228
271,31,Czechia,8,1,2,198505,8716228
272,32,Czechia,8,1,1,179766,8716228
273,33,Czechia,9,2,2,92133,8716228
274,34,Czechia,9,2,1,52653,8716228
275,35,Czechia,9,1,2,393816,8716228
276,36,Czechia,9,1,1,207343,8716228
277,37,Czechia,10,2,2,62647,8716228
278,38,Czechia,10,2,1,5254,8716228
279,39,Czechia,10,1,2,543903,8716228
280,40,Czechia,10,1,1,168270,8716228
281,41,Czechia,11,2,2,202757,8716228
282,42,Czechia,11,2,1,16471,8716228
283,43,Czechia,11,1,2,324754,8716228
284,44,Czechia,11,1,1,96806,8716228
285,45,Czechia,12,2,2,1088239,8716228
286,46,Czechia,12,2,1,101982,8716228
287,47,Czechia,12,1,2,42988,8716228
288,48,Czechia,12,1,1,23119,8716228
289,1,Denmark,1,2,2,141908,4858580
290,2,Denmark,1,2,1,4145,4858580
291,3,Denmark,1,1,2,176257,4858580
292,4,Denmark,1,1,1,9645,4858580
293,5,Denmark,2,2,2,48932,4858580
294,6,Denmark,2,2,1,20348,4858580
295,7,Denmark,2,1,2,187599,4858580
296,8,Denmark,2,1,1,144275,4858580
297,9,Denmark,3,2,2,30493,4858580
298,10,Denmark,3,2,1,7848,4858580
299,11,Denmark,3,1,2,173112,4858580
300,12,Denmark,3,1,1,132368,4858580
301,13,Denmark,4,2,2,32080,4858580
302,14,Denmark,4,2,1,7653,4858580
303,15,Denmark,4,1,2,218750,4858580
304,16,Denmark,4,1,1,133401,4858580
305,17,Denmark,5,2,2,73741,4858580
306,18,Denmark,5,2,1,17236,4858580
307,19,Denmark,5,1,2,205732,4858580
308,20,Denmark,5,1,1,85028,4858580
309,21,Denmark,6,2,2,353695,4858580
310,22,Denmark,6,2,1,110917,4858580
311,23,Denmark,6,1,2,61736,4858580
312,24,Denmark,6,1,1,25090,4858580
313,25,Denmark,7,2,2,135805,4858580
314,26,Denmark,7,2,1,3278,4858580
315,27,Denmark,7,1,2,166078,4858580
316,28,Denmark,7,1,1,13046,4858580
317,29,Denmark,8,2,2,52521,4858580
318,30,Denmark,8,2,1,30644,4858580
319,31,Denmark,8,1,2,104692,4858580
320,32,Denmark,8,1,1,196018,4858580
321,33,Denmark,9,2,2,39293,4858580
322,34,Denmark,9,2,1,19408,4858580
323,35,Denmark,9,1,2,112775,4858580
324,36,Denmark,9,1,1,166065,4858580
325,37,Denmark,10,2,2,42279,4858580
326,38,Denmark,10,2,1,14361,4858580
327,39,Denmark,10,1,2,168393,4858580
328,40,Denmark,10,1,1,165298,4858580
329,41,Denmark,11,2,2,91574,4858580
330,42,Denmark,11,2,1,30859,4858580
331,43,Denmark,11,1,2,160200,4858580
332,44,Denmark,11,1,1,100228,4858580
333,45,Denmark,12,2,2,456099,4858580
334,46,Denmark,12,2,1,146391,4858580
335,47,Denmark,12,1,2,25049,4858580
336,48,Denmark,12,1,1,16240,4858580
337,1,Estonia,1,2,2,38703,1099644
338,2,Estonia,1,2,1,772,1099644
339,3,Estonia,1,1,2,16854,1099644
340,4,Estonia,1,1,1,2368,1099644
341,5,Estonia,2,2,2,6447,1099644
342,6,Estonia,2,2,1,1891,1099644
343,7,Estonia,2,1,2,54100,1099644
344,8,Estonia,2,1,1,28303,1099644
345,9,Estonia,3,2,2,9700,1099644
346,10,Estonia,3,2,1,1260,1099644
347,11,Estonia,3,1,2,57101,1099644
348,12,Estonia,3,1,1,31785,1099644
349,13,Estonia,4,2,2,9568,1099644
350,14,Estonia,4,2,1,1706,1099644
351,15,Estonia,4,1,2,53678,1099644
352,16,Estonia,4,1,1,25462,1099644
353,17,Estonia,5,2,2,18753,1099644
354,18,Estonia,5,2,1,3780,1099644
355,19,Estonia,5,1,2,39530,1099644
356,20,Estonia,5,1,1,17104,1099644
357,21,Estonia,6,2,2,57295,1099644
358,22,Estonia,6,2,1,18779,1099644
359,23,Estonia,6,1,2,10596,1099644
360,24,Estonia,6,1,1,8730,1099644
361,25,Estonia,7,2,2,32682,1099644
362,26,Estonia,7,2,1,455,1099644
363,27,Estonia,7,1,2,18791,1099644
364,28,Estonia,7,1,1,3627,1099644
365,29,Estonia,8,2,2,8703,1099644
366,30,Estonia,8,2,1,6349,1099644
367,31,Estonia,8,1,2,27914,1099644
368,32,Estonia,8,1,1,39024,1099644
369,33,Estonia,9,2,2,9585,1099644
370,34,Estonia,9,2,1,6670,1099644
371,35,Estonia,9,1,2,30479,1099644
372,36,Estonia,9,1,1,44492,1099644
373,37,Estonia,10,2,2,7965,1099644
374,38,Estonia,10,2,1,3374,1099644
375,39,Estonia,10,1,2,36526,1099644
376,40,Estonia,10,1,1,41064,1099644
377,41,Estonia,11,2,2,14550,1099644
378,42,Estonia,11,2,1,7159,1099644
379,43,Estonia,11,1,2,32045,1099644
380,44,Estonia,11,1,1,37178,1099644
381,45,Estonia,12,2,2,105997,1099644
382,46,Estonia,12,2,1,44560,1099644
383,47,Estonia,12,1,2,12852,1099644
384,48,Estonia,12,1,1,13336,1099644
385,1,Finland,1,2,2,151236,4634305
386,2,Finland,1,2,1,1295,4634305
387,3,Finland,1,1,2,123862,4634305
388,4,Finland,1,1,1,4147,4634305
389,5,Finland,2,2,2,58137,4634305
390,6,Finland,2,2,1,11311,4634305
391,7,Finland,2,1,2,182672,4634305
392,8,Finland,2,1,1,114973,4634305
393,9,Finland,3,2,2,41694,4634305
394,10,Finland,3,2,1,5750,4634305
395,11,Finland,3,1,2,179856,4634305
396,12,Finland,3,1,1,141416,4634305
397,13,Finland,4,2,2,41422,4634305
398,14,Finland,4,2,1,10145,4634305
399,15,Finland,4,1,2,177111,4634305
400,16,Finland,4,1,1,108101,4634305
401,17,Finland,5,2,2,86694,4634305
402,18,Finland,5,2,1,21139,4634305
403,19,Finland,5,1,2,162901,4634305
404,20,Finland,5,1,1,86275,4634305
405,21,Finland,6,2,2,361077,4634305
406,22,Finland,6,2,1,133880,4634305
407,23,Finland,6,1,2,44166,4634305
408,24,Finland,6,1,1,26673,4634305
409,25,Finland,7,2,2,137501,4634305
410,26,Finland,7,2,1,3287,4634305
411,27,Finland,7,1,2,116365,4634305
412,28,Finland,7,1,1,8126,4634305
413,29,Finland,8,2,2,59237,4634305
414,30,Finland,8,2,1,22400,4634305
415,31,Finland,8,1,2,118671,4634305
416,32,Finland,8,1,1,143395,4634305
417,33,Finland,9,2,2,34860,4634305
418,34,Finland,9,2,1,18657,4634305
419,35,Finland,9,1,2,112155,4634305
420,36,Finland,9,1,1,180555,4634305
421,37,Finland,10,2,2,33378,4634305
422,38,Finland,10,2,1,13332,4634305
423,39,Finland,10,1,2,111213,4634305
424,40,Finland,10,1,1,167918,4634305
425,41,Finland,11,2,2,70992,4634305
426,42,Finland,11,2,1,29607,4634305
427,43,Finland,11,1,2,129775,4634305
428,44,Finland,11,1,1,133712,4634305
429,45,Finland,12,2,2,506053,4634305
430,46,Finland,12,2,1,159925,4634305
431,47,Finland,12,1,2,24868,4634305
432,48,Finland,12,1,1,22394,4634305
433,1,France,1,2,2,2164721,55128895
434,2,France,1,2,1,206325,55128895
435,3,France,1,1,2,956515,55128895
436,4,France,1,1,1,395308,55128895
437,5,France,2,2,2,435256,55128895
438,6,France,2,2,1,180917,55128895
439,7,France,2,1,2,1659974,55128895
440,8,France,2,1,1,1565328,55128895
441,9,France,3,2,2,372958,55128895
442,10,France,3,2,1,115834,55128895
443,11,France,3,1,2,1921196,55128895
444,12,France,3,1,1,1704949,55128895
445,13,France,4,2,2,418828,55128895
446,14,France,4,2,1,128035,55128895
447,15,France,4,1,2,2248205,55128895
448,16,France,4,1,1,1534185,55128895
449,17,France,5,2,2,1474302,55128895
450,18,France,5,2,1,294614,55128895
451,19,France,5,1,2,1565438,55128895
452,20,France,5,1,1,824392,55128895
453,21,France,6,2,2,4630930,55128895
454,22,France,6,2,1,1205543,55128895
455,23,France,6,1,2,149596,55128895
456,24,France,6,1,1,162639,55128895
457,25,France,7,2,2,2103843,55128895
458,26,France,7,2,1,254193,55128895
459,27,France,7,1,2,722809,55128895
460,28,France,7,1,1,465064,55128895
461,29,France,8,2,2,647695,55128895
462,30,France,8,2,1,284788,55128895
463,31,France,8,1,2,1175733,55128895
464,32,France,8,1,1,1843633,55128895
465,33,France,9,2,2,620172,55128895
466,34,France,9,2,1,280982,55128895
467,35,France,9,1,2,1383938,55128895
468,36,France,9,1,1,2043138,55128895
469,37,France,10,2,2,640311,55128895
470,38,France,10,2,1,201380,55128895
471,39,France,10,1,2,1883931,55128895
472,40,France,10,1,1,1724187,55128895
473,41,France,11,2,2,1590691,55128895
474,42,France,11,2,1,410753,55128895
475,43,France,11,1,2,1614650,55128895
476,44,France,11,1,1,843840,55128895
477,45,France,12,2,2,6441162,55128895
478,46,France,12,2,1,1401072,55128895
479,47,France,12,1,2,149887,55128895
480,48,France,12,1,1,85054,55128895
481,1,Germany,1,2,2,1825250,70890171
482,2,Germany,1,2,1,47786,70890171
483,3,Germany,1,1,2,1942513,70890171
484,4,Germany,1,1,1,142368,70890171
485,5,Germany,2,2,2,566286,70890171
486,6,Germany,2,2,1,143989,70890171
487,7,Germany,2,1,2,3004312,70890171
488,8,Germany,2,1,1,1696351,70890171
489,9,Germany,3,2,2,402605,70890171
490,10,Germany,3,2,1,84989,70890171
491,11,Germany,3,1,2,3037233,70890171
492,12,Germany,3,1,1,1772985,70890171
493,13,Germany,4,2,2,462741,70890171
494,14,Germany,4,2,1,84551,70890171
495,15,Germany,4,1,2,3305086,70890171
496,16,Germany,4,1,1,1710479,70890171
497,17,Germany,5,2,2,1180864,70890171
498,18,Germany,5,2,1,314750,70890171
499,19,Germany,5,1,2,3185544,70890171
500,20,Germany,5,1,1,1703269,70890171
501,21,Germany,6,2,2,4935004,70890171
502,22,Germany,6,2,1,2267783,70890171
503,23,Germany,6,1,2,499859,70890171
504,24,Germany,6,1,1,406292,70890171
505,25,Germany,7,2,2,1834914,70890171
506,26,Germany,7,2,1,62195,70890171
507,27,Germany,7,1,2,1552494,70890171
508,28,Germany,7,1,1,201968,70890171
509,29,Germany,8,2,2,827877,70890171
510,30,Germany,8,2,1,260443,70890171
511,31,Germany,8,1,2,2312385,70890171
512,32,Germany,8,1,1,1634690,70890171
513,33,Germany,9,2,2,750421,70890171
514,34,Germany,9,2,1,234708,70890171
515,35,Germany,9,1,2,2664608,70890171
516,36,Germany,9,1,1,1519945,70890171
517,37,Germany,10,2,2,770266,70890171
518,38,Germany,10,2,1,130968,70890171
519,39,Germany,10,1,2,3375398,70890171
520,40,Germany,10,1,1,1250026,70890171
521,41,Germany,11,2,2,1695151,70890171
522,42,Germany,11,2,1,313934,70890171
523,43,Germany,11,1,2,3334746,70890171
524,44,Germany,11,1,1,1112583,70890171
525,45,Germany,12,2,2,8253138,70890171
526,46,Germany,12,2,1,1444752,70890171
527,47,Germany,12,1,2,471402,70890171
528,48,Germany,12,1,1,158269,70890171
529,1,Greece,1,2,2,379886,8923166
530,2,Greece,1,2,1,16416,8923166
531,3,Greece,1,1,2,81864,8923166
532,4,Greece,1,1,1,11110,8923166
533,5,Greece,2,2,2,90087,8923166
534,6,Greece,2,2,1,39833,8923166
535,7,Greece,2,1,2,258925,8923166
536,8,Greece,2,1,1,172541,8923166
537,9,Greece,3,2,2,68178,8923166
538,10,Greece,3,2,1,22940,8923166
539,11,Greece,3,1,2,408197,8923166
540,12,Greece,3,1,1,237096,8923166
541,13,Greece,4,2,2,73727,8923166
542,14,Greece,4,2,1,19221,8923166
543,15,Greece,4,1,2,456373,8923166
544,16,Greece,4,1,1,246532,8923166
545,17,Greece,5,2,2,178575,8923166
546,18,Greece,5,2,1,59042,8923166
547,19,Greece,5,1,2,285540,8923166
548,20,Greece,5,1,1,166005,8923166
549,21,Greece,6,2,2,774534,8923166
550,22,Greece,6,2,1,206806,8923166
551,23,Greece,6,1,2,43316,8923166
552,24,Greece,6,1,1,26773,8923166
553,25,Greece,7,2,2,376838,8923166
554,26,Greece,7,2,1,17392,8923166
555,27,Greece,7,1,2,44496,8923166
556,28,Greece,7,1,1,15004,8923166
557,29,Greece,8,2,2,123547,8923166
558,30,Greece,8,2,1,75159,8923166
559,31,Greece,8,1,2,116746,8923166
560,32,Greece,8,1,1,218280,8923166
561,33,Greece,9,2,2,195879,8923166
562,34,Greece,9,2,1,59886,8923166
563,35,Greece,9,1,2,227231,8923166
564,36,Greece,9,1,1,250784,8923166
565,37,Greece,10,2,2,223817,8923166
566,38,Greece,10,2,1,50939,8923166
567,39,Greece,10,1,2,301060,8923166
568,40,Greece,10,1,1,235231,8923166
569,41,Greece,11,2,2,377723,8923166
570,42,Greece,11,2,1,74428,8923166
571,43,Greece,11,1,2,182812,8923166
572,44,Greece,11,1,1,110674,8923166
573,45,Greece,12,2,2,1148256,8923166
574,46,Greece,12,2,1,134872,8923166
575,47,Greece,12,1,2,29389,8923166
576,48,Greece,12,1,1,9207,8923166
577,1,Hungary,1,2,2,319522,8176657
578,2,Hungary,1,2,1,4907,8176657
579,3,Hungary,1,1,2,129488,8176657
580,4,Hungary,1,1,1,10833,8176657
581,5,Hungary,2,2,2,53090,8176657
582,6,Hungary,2,2,1,9628,8176657
583,7,Hungary,2,1,2,410812,8176657
584,8,Hungary,2,1,1,163935,8176657
585,9,Hungary,3,2,2,45225,8176657
586,10,Hungary,3,2,1,3978,8176657
587,11,Hungary,3,1,2,448038,8176657
588,12,Hungary,3,1,1,205907,8176657
589,13,Hungary,4,2,2,68050,8176657
590,14,Hungary,4,2,1,5015,8176657
591,15,Hungary,4,1,2,529648,8176657
592,16,Hungary,4,1,1,158972,8176657
593,17,Hungary,5,2,2,112479,8176657
594,18,Hungary,5,2,1,14048,8176657
595,19,Hungary,5,1,2,316758,8176657
596,20,Hungary,5,1,1,96075,8176657
597,21,Hungary,6,2,2,545815,8176657
598,22,Hungary,6,2,1,145922,8176657
599,23,Hungary,6,1,2,43060,8176657
600,24,Hungary,6,1,1,27122,8176657
601,25,Hungary,7,2,2,319259,8176657
602,26,Hungary,7,2,1,9896,8176657
603,27,Hungary,7,1,2,91323,8176657
604,28,Hungary,7,1,1,17422,8176657
605,29,Hungary,8,2,2,92600,8176657
606,30,Hungary,8,2,1,23388,8176657
607,31,Hungary,8,1,2,267112,8176657
608,32,Hungary,8,1,1,213231,8176657
609,33,Hungary,9,2,2,80091,8176657
610,34,Hungary,9,2,1,18218,8176657
611,35,Hungary,9,1,2,321095,8176657
612,36,Hungary,9,1,1,260573,8176657
613,37,Hungary,10,2,2,83027,8176657
614,38,Hungary,10,2,1,11413,8176657
615,39,Hungary,10,1,2,439667,8176657
616,40,Hungary,10,1,1,222218,8176657
617,41,Hungary,11,2,2,221856,8176657
618,42,Hungary,11,2,1,45628,8176657
619,43,Hungary,11,1,2,234808,8176657
620,44,Hungary,11,1,1,107080,8176657
621,45,Hungary,12,2,2,984148,8176657
622,46,Hungary,12,2,1,188258,8176657
623,47,Hungary,12,1,2,34055,8176657
624,48,Hungary,12,1,1,21962,8176657
625,1,Ireland,1,2,2,143350,3996084
626,2,Ireland,1,2,1,9703,3996084
627,3,Ireland,1,1,2,113510,3996084
628,4,Ireland,1,1,1,27988,3996084
629,5,Ireland,2,2,2,27848,3996084
630,6,Ireland,2,2,1,14909,3996084
631,7,Ireland,2,1,2,95554,3996084
632,8,Ireland,2,1,1,166009,3996084
633,9,Ireland,3,2,2,23520,3996084
634,10,Ireland,3,2,1,9545,3996084
635,11,Ireland,3,1,2,150991,3996084
636,12,Ireland,3,1,1,190564,3996084
637,13,Ireland,4,2,2,30138,3996084
638,14,Ireland,4,2,1,11476,3996084
639,15,Ireland,4,1,2,149889,3996084
640,16,Ireland,4,1,1,154533,3996084
641,17,Ireland,5,2,2,54021,3996084
642,18,Ireland,5,2,1,17103,3996084
643,19,Ireland,5,1,2,128334,3996084
644,20,Ireland,5,1,1,81425,3996084
645,21,Ireland,6,2,2,226485,3996084
646,22,Ireland,6,2,1,64197,3996084
647,23,Ireland,6,1,2,50209,3996084
648,24,Ireland,6,1,1,18094,3996084
649,25,Ireland,7,2,2,139888,3996084
650,26,Ireland,7,2,1,9726,3996084
651,27,Ireland,7,1,2,92203,3996084
652,28,Ireland,7,1,1,42895,3996084
653,29,Ireland,8,2,2,39284,3996084
654,30,Ireland,8,2,1,24193,3996084
655,31,Ireland,8,1,2,66671,3996084
656,32,Ireland,8,1,1,176534,3996084
657,33,Ireland,9,2,2,55170,3996084
658,34,Ireland,9,2,1,36109,3996084
659,35,Ireland,9,1,2,92983,3996084
660,36,Ireland,9,1,1,217143,3996084
661,37,Ireland,10,2,2,61206,3996084
662,38,Ireland,10,2,1,25445,3996084
663,39,Ireland,10,1,2,92344,3996084
664,40,Ireland,10,1,1,173358,3996084
665,41,Ireland,11,2,2,85088,3996084
666,42,Ireland,11,2,1,35907,3996084
667,43,Ireland,11,1,2,90000,3996084
668,44,Ireland,11,1,1,78153,3996084
669,45,Ireland,12,2,2,289417,3996084
670,46,Ireland,12,2,1,80918,3996084
671,47,Ireland,12,1,2,19538,3996084
672,48,Ireland,12,1,1,12515,3996084
673,1,Italy,1,2,2,1983004,50964444
674,2,Italy,1,2,1,98248,50964444
675,3,Italy,1,1,2,606628,50964444
676,4,Italy,1,1,1,29320,50964444
677,5,Italy,2,2,2,625226,50964444
678,6,Italy,2,2,1,179102,50964444
679,7,Italy,2,1,2,1847788,50964444
680,8,Italy,2,1,1,529928,50964444
681,9,Italy,3,2,2,490312,50964444
682,10,Italy,3,2,1,44321,50964444
683,11,Italy,3,1,2,2434832,50964444
684,12,Italy,3,1,1,683534,50964444
685,13,Italy,4,2,2,627322,50964444
686,14,Italy,4,2,1,31844,50964444
687,15,Italy,4,1,2,3335625,50964444
688,16,Italy,4,1,1,674333,50964444
689,17,Italy,5,2,2,1470085,50964444
690,18,Italy,5,2,1,68083,50964444
691,19,Italy,5,1,2,2283536,50964444
692,20,Italy,5,1,1,463454,50964444
693,21,Italy,6,2,2,5272212,50964444
694,22,Italy,6,2,1,422260,50964444
695,23,Italy,6,1,2,337395,50964444
696,24,Italy,6,1,1,131358,50964444
697,25,Italy,7,2,2,1967354,50964444
698,26,Italy,7,2,1,130318,50964444
699,27,Italy,7,1,2,338184,50964444
700,28,Italy,7,1,1,60508,50964444
701,29,Italy,8,2,2,1011104,50964444
702,30,Italy,8,2,1,296640,50964444
703,31,Italy,8,1,2,956994,50964444
704,32,Italy,8,1,1,766213,50964444
705,33,Italy,9,2,2,1123810,50964444
706,34,Italy,9,2,1,184478,50964444
707,35,Italy,9,1,2,1397127,50964444
708,36,Italy,9,1,1,922542,50964444
709,37,Italy,10,2,2,1602644,50964444
710,38,Italy,10,2,1,114794,50964444
711,39,Italy,10,1,2,2204661,50964444
712,40,Italy,10,1,1,825885,50964444
713,41,Italy,11,2,2,2366170,50964444
714,42,Italy,11,2,1,134198,50964444
715,43,Italy,11,1,2,1541273,50964444
716,44,Italy,11,1,1,461620,50964444
717,45,Italy,12,2,2,7234440,50964444
718,46,Italy,12,2,1,429686,50964444
719,47,Italy,12,1,2,170640,50964444
720,48,Italy,12,1,1,53414,50964444
721,1,Latvia,1,2,2,54637,1555905
722,2,Latvia,1,2,1,350,1555905
723,3,Latvia,1,1,2,20927,1555905
724,4,Latvia,1,1,1,4364,1555905
725,5,Latvia,2,2,2,16106,1555905
726,6,Latvia,2,2,1,4047,1555905
727,7,Latvia,2,1,2,59900,1555905
728,8,Latvia,2,1,1,39315,1555905
729,9,Latvia,3,2,2,12569,1555905
730,10,Latvia,3,2,1,3612,1555905
731,11,Latvia,3,1,2,72557,1555905
732,12,Latvia,3,1,1,42042,1555905
733,13,Latvia,4,2,2,22138,1555905
734,14,Latvia,4,2,1,1917,1555905
735,15,Latvia,4,1,2,75061,1555905
736,16,Latvia,4,1,1,25052,1555905
737,17,Latvia,5,2,2,31432,1555905
738,18,Latvia,5,2,1,6233,1555905
739,19,Latvia,5,1,2,60342,1555905
740,20,Latvia,5,1,1,20767,1555905
741,21,Latvia,6,2,2,81652,1555905
742,22,Latvia,6,2,1,26582,1555905
743,23,Latvia,6,1,2,14533,1555905
744,24,Latvia,6,1,1,8067,1555905
745,25,Latvia,7,2,2,52277,1555905
746,26,Latvia,7,2,1,802,1555905
747,27,Latvia,7,1,2,18178,1555905
748,28,Latvia,7,1,1,4335,1555905
749,29,Latvia,8,2,2,15252,1555905
750,30,Latvia,8,2,1,10172,1555905
751,31,Latvia,8,1,2,31685,1555905
752,32,Latvia,8,1,1,53639,1555905
753,33,Latvia,9,2,2,15329,1555905
754,34,Latvia,9,2,1,10058,1555905
755,35,Latvia,9,1,2,35661,1555905
756,36,Latvia,9,1,1,65538,1555905
757,37,Latvia,10,2,2,20198,1555905
758,38,Latvia,10,2,1,4822,1555905
759,39,Latvia,10,1,2,48593,1555905
760,40,Latvia,10,1,1,59067,1555905
761,41,Latvia,11,2,2,32444,1555905
762,42,Latvia,11,2,1,9822,1555905
763,43,Latvia,11,1,2,58519,1555905
764,44,Latvia,11,1,1,44521,1555905
765,45,Latvia,12,2,2,182231,1555905
766,46,Latvia,12,2,1,49244,1555905
767,47,Latvia,12,1,2,17487,1555905
768,48,Latvia,12,1,1,11827,1555905
769,1,Lithuania,1,2,2,82400,2361963
770,2,Lithuania,1,2,1,2493,2361963
771,3,Lithuania,1,1,2,32852,2361963
772,4,Lithuania,1,1,1,6447,2361963
773,5,Lithuania,2,2,2,13478,2361963
774,6,Lithuania,2,2,1,4929,2361963
775,7,Lithuania,2,1,2,79611,2361963
776,8,Lithuania,2,1,1,85229,2361963
777,9,Lithuania,3,2,2,17446,2361963
778,10,Lithuania,3,2,1,5850,2361963
779,11,Lithuania,3,1,2,74603,2361963
780,12,Lithuania,3,1,1,92002,2361963
781,13,Lithuania,4,2,2,33537,2361963
782,14,Lithuania,4,2,1,4932,2361963
783,15,Lithuania,4,1,2,101644,2361963
784,16,Lithuania,4,1,1,50143,2361963
785,17,Lithuania,5,2,2,50733,2361963
786,18,Lithuania,5,2,1,9161,2361963
787,19,Lithuania,5,1,2,97453,2361963
788,20,Lithuania,5,1,1,38375,2361963
789,21,Lithuania,6,2,2,125684,2361963
790,22,Lithuania,6,2,1,39680,2361963
791,23,Lithuania,6,1,2,19817,2361963
792,24,Lithuania,6,1,1,10491,2361963
793,25,Lithuania,7,2,2,77672,2361963
794,26,Lithuania,7,2,1,2144,2361963
795,27,Lithuania,7,1,2,27579,2361963
796,28,Lithuania,7,1,1,10543,2361963
797,29,Lithuania,8,2,2,19224,2361963
798,30,Lithuania,8,2,1,10704,2361963
799,31,Lithuania,8,1,2,36281,2361963
800,32,Lithuania,8,1,1,109357,2361963
801,33,Lithuania,9,2,2,15740,2361963
802,34,Lithuania,9,2,1,10532,2361963
803,35,Lithuania,9,1,2,50685,2361963
804,36,Lithuania,9,1,1,107946,2361963
805,37,Lithuania,10,2,2,25084,2361963
806,38,Lithuania,10,2,1,7234,2361963
807,39,Lithuania,10,1,2,86570,2361963
808,40,Lithuania,10,1,1,86662,2361963
809,41,Lithuania,11,2,2,53585,2361963
810,42,Lithuania,11,2,1,15516,2361963
811,43,Lithuania,11,1,2,91607,2361963
812,44,Lithuania,11,1,1,73665,2361963
813,45,Lithuania,12,2,2,254881,2361963
814,46,Lithuania,12,2,1,74268,2361963
815,47,Lithuania,12,1,2,17755,2361963
816,48,Lithuania,12,1,1,17737,2361963
817,1,Luxembourg,1,2,2,23018,536010
818,2,Luxembourg,1,2,1,1846,536010
819,3,Luxembourg,1,1,2,7788,536010
820,4,Luxembourg,1,1,1,1279,536010
821,5,Luxembourg,2,2,2,2974,536010
822,6,Luxembourg,2,2,1,3438,536010
823,7,Luxembourg,2,1,2,18311,536010
824,8,Luxembourg,2,1,1,26833,536010
825,9,Luxembourg,3,2,2,2850,536010
826,10,Luxembourg,3,2,1,1487,536010
827,11,Luxembourg,3,1,2,19069,536010
828,12,Luxembourg,3,1,1,26781,536010
829,13,Luxembourg,4,2,2,4061,536010
830,14,Luxembourg,4,2,1,860,536010
831,15,Luxembourg,4,1,2,23362,536010
832,16,Luxembourg,4,1,1,19888,536010
833,17,Luxembourg,5,2,2,16435,536010
834,18,Luxembourg,5,2,1,4239,536010
835,19,Luxembourg,5,1,2,11335,536010
836,20,Luxembourg,5,1,1,10096,536010
837,21,Luxembourg,6,2,2,28727,536010
838,22,Luxembourg,6,2,1,12192,536010
839,23,Luxembourg,6,1,2,888,536010
840,24,Luxembourg,6,1,1,1430,536010
841,25,Luxembourg,7,2,2,19498,536010
842,26,Luxembourg,7,2,1,3093,536010
843,27,Luxembourg,7,1,2,6335,536010
844,28,Luxembourg,7,1,1,2628,536010
845,29,Luxembourg,8,2,2,2916,536010
846,30,Luxembourg,8,2,1,4079,536010
847,31,Luxembourg,8,1,2,12745,536010
848,32,Luxembourg,8,1,1,29407,536010
849,33,Luxembourg,9,2,2,3836,536010
850,34,Luxembourg,9,2,1,3314,536010
851,35,Luxembourg,9,1,2,14712,536010
852,36,Luxembourg,9,1,1,27446,536010
853,37,Luxembourg,10,2,2,6247,536010
854,38,Luxembourg,10,2,1,2783,536010
855,39,Luxembourg,10,1,2,19475,536010
856,40,Luxembourg,10,1,1,16907,536010
857,41,Luxembourg,11,2,2,20089,536010
858,42,Luxembourg,11,2,1,5044,536010
859,43,Luxembourg,11,1,2,8106,536010
860,44,Luxembourg,11,1,1,6202,536010
861,45,Luxembourg,12,2,2,42372,536010
862,46,Luxembourg,12,2,1,8508,536010
863,47,Luxembourg,12,1,2,665,536010
864,48,Luxembourg,12,1,1,418,536010
865,1,Malta,1,2,2,11139,446794
866,2,Malta,1,2,1,606,446794
867,3,Malta,1,1,2,9903,446794
868,4,Malta,1,1,1,2406,446794
869,5,Malta,2,2,2,2794,446794
870,6,Malta,2,2,1,619,446794
871,7,Malta,2,1,2,28833,446794
872,8,Malta,2,1,1,18701,446794
873,9,Malta,3,2,2,1851,446794
874,10,Malta,3,2,1,495,446794
875,11,Malta,3,1,2,29061,446794
876,12,Malta,3,1,1,14314,446794
877,13,Malta,4,2,2,2215,446794
878,14,Malta,4,2,1,411,446794
879,15,Malta,4,1,2,23309,446794
880,16,Malta,4,1,1,8074,446794
881,17,Malta,5,2,2,9530,446794
882,18,Malta,5,2,1,1092,446794
883,19,Malta,5,1,2,16673,446794
884,20,Malta,5,1,1,3449,446794
885,21,Malta,6,2,2,37807,446794
886,22,Malta,6,2,1,2994,446794
887,23,Malta,6,1,2,4179,446794
888,24,Malta,6,1,1,1173,446794
889,25,Malta,7,2,2,9437,446794
890,26,Malta,7,2,1,929,446794
891,27,Malta,7,1,2,8313,446794
892,28,Malta,7,1,1,3163,446794
893,29,Malta,8,2,2,4031,446794
894,30,Malta,8,2,1,1603,446794
895,31,Malta,8,1,2,17624,446794
896,32,Malta,8,1,1,18926,446794
897,33,Malta,9,2,2,5180,446794
898,34,Malta,9,2,1,1821,446794
899,35,Malta,9,1,2,16318,446794
900,36,Malta,9,1,1,14502,446794
901,37,Malta,10,2,2,6295,446794
902,38,Malta,10,2,1,847,446794
903,39,Malta,10,1,2,15868,446794
904,40,Malta,10,1,1,6818,446794
905,41,Malta,11,2,2,15693,446794
906,42,Malta,11,2,1,957,446794
907,43,Malta,11,1,2,10104,446794
908,44,Malta,11,1,1,2808,446794
909,45,Malta,12,2,2,49348,446794
910,46,Malta,12,2,1,2773,446794
911,47,Malta,12,1,2,1495,446794
912,48,Malta,12,1,1,310,446794
913,1,Netherlands,1,2,2,215881,14685486
914,2,Netherlands,1,2,1,27138,14685486
915,3,Netherlands,1,1,2,660332,14685486
916,4,Netherlands,1,1,1,96879,14685486
917,5,Netherlands,2,2,2,80998,14685486
918,6,Netherlands,2,2,1,36573,14685486
919,7,Netherlands,2,1,2,509926,14685486
920,8,Netherlands,2,1,1,532394,14685486
921,9,Netherlands,3,2,2,67704,14685486
922,10,Netherlands,3,2,1,18998,14685486
923,11,Netherlands,3,1,2,501791,14685486
924,12,Netherlands,3,1,1,473036,14685486
925,13,Netherlands,4,2,2,92766,14685486
926,14,Netherlands,4,2,1,26550,14685486
927,15,Netherlands,4,1,2,619011,14685486
928,16,Netherlands,4,1,1,444881,14685486
929,17,Netherlands,5,2,2,184311,14685486
930,18,Netherlands,5,2,1,60921,14685486
931,19,Netherlands,5,1,2,615796,14685486
932,20,Netherlands,5,1,1,351120,14685486
933,21,Netherlands,6,2,2,1018328,14685486
934,22,Netherlands,6,2,1,378830,14685486
935,23,Netherlands,6,1,2,154313,14685486
936,24,Netherlands,6,1,1,88339,14685486
937,25,Netherlands,7,2,2,215325,14685486
938,26,Netherlands,7,2,1,22935,14685486
939,27,Netherlands,7,1,2,593134,14685486
940,28,Netherlands,7,1,1,133892,14685486
941,29,Netherlands,8,2,2,107621,14685486
942,30,Netherlands,8,2,1,61355,14685486
943,31,Netherlands,8,1,2,361205,14685486
944,32,Netherlands,8,1,1,592913,14685486
945,33,Netherlands,9,2,2,125633,14685486
946,34,Netherlands,9,2,1,60468,14685486
947,35,Netherlands,9,1,2,390579,14685486
948,36,Netherlands,9,1,1,477810,14685486
949,37,Netherlands,10,2,2,164027,14685486
950,38,Netherlands,10,2,1,45514,14685486
951,39,Netherlands,10,1,2,564688,14685486
952,40,Netherlands,10,1,1,414087,14685486
953,41,Netherlands,11,2,2,328580,14685486
954,42,Netherlands,11,2,1,84534,14685486
955,43,Netherlands,11,1,2,525247,14685486
956,44,Netherlands,11,1,1,273482,14685486
957,45,Netherlands,12,2,2,1435657,14685486
958,46,Netherlands,12,2,1,322330,14685486
959,47,Netherlands,12,1,2,90069,14685486
960,48,Netherlands,12,1,1,37587,14685486
961,1,Poland,1,2,2,1129478,31461912
962,2,Poland,1,2,1,24799,31461912
963,3,Poland,1,1,2,510125,31461912
964,4,Poland,1,1,1,31523,31461912
965,5,Poland,2,2,2,217112,31461912
966,6,Poland,2,2,1,39661,31461912
967,7,Poland,2,1,2,1539253,31461912
968,8,Poland,2,1,1,759742,31461912
969,9,Poland,3,2,2,217218,31461912
970,10,Poland,3,2,1,26433,31461912
971,11,Poland,3,1,2,1714239,31461912
972,12,Poland,3,1,1,1142117,31461912
973,13,Poland,4,2,2,300090,31461912
974,14,Poland,4,2,1,32223,31461912
975,15,Poland,4,1,2,1670452,31461912
976,16,Poland,4,1,1,505066,31461912
977,17,Poland,5,2,2,641841,31461912
978,18,Poland,5,2,1,46975,31461912
979,19,Poland,5,1,2,1316658,31461912
980,20,Poland,5,1,1,282691,31461912
981,21,Poland,6,2,2,2233601,31461912
982,22,Poland,6,2,1,376242,31461912
983,23,Poland,6,1,2,172488,31461912
984,24,Poland,6,1,1,101420,31461912
985,25,Poland,7,2,2,1190631,31461912
986,26,Poland,7,2,1,49371,31461912
987,27,Poland,7,1,2,323128,31461912
988,28,Poland,7,1,1,55276,31461912
989,29,Poland,8,2,2,428972,31461912
990,30,Poland,8,2,1,134048,31461912
991,31,Poland,8,1,2,777515,31461912
992,32,Poland,8,1,1,1122471,31461912
993,33,Poland,9,2,2,380690,31461912
994,34,Poland,9,2,1,123224,31461912
995,35,Poland,9,1,2,1021674,31461912
996,36,Poland,9,1,1,1490312,31461912
997,37,Poland,10,2,2,404884,31461912
998,38,Poland,10,2,1,40585,31461912
999,39,Poland,10,1,2,1275730,31461912
1000,40,Poland,10,1,1,789116,31461912
1001,41,Poland,11,2,2,1182412,31461912
1002,42,Poland,11,2,1,155576,31461912
1003,43,Poland,11,1,2,796896,31461912
1004,44,Poland,11,1,1,363475,31461912
1005,45,Poland,12,2,2,3567754,31461912
1006,46,Poland,12,2,1,587399,31461912
1007,47,Poland,12,1,2,104203,31461912
1008,48,Poland,12,1,1,65123,31461912
1009,1,Portugal,1,2,2,335517,8925421
1010,2,Portugal,1,2,1,29778,8925421
1011,3,Portugal,1,1,2,110984,8925421
1012,4,Portugal,1,1,1,25751,8925421
1013,5,Portugal,2,2,2,64428,8925421
1014,6,Portugal,2,2,1,32328,8925421
1015,7,Portugal,2,1,2,297567,8925421
1016,8,Portugal,2,1,1,158941,8925421
1017,9,Portugal,3,2,2,56312,8925421
1018,10,Portugal,3,2,1,4533,8925421
1019,11,Portugal,3,1,2,430098,8925421
1020,12,Portugal,3,1,1,173585,8925421
1021,13,Portugal,4,2,2,63079,8925421
1022,14,Portugal,4,2,1,4923,8925421
1023,15,Portugal,4,1,2,519012,8925421
1024,16,Portugal,4,1,1,156456,8925421
1025,17,Portugal,5,2,2,185806,8925421
1026,18,Portugal,5,2,1,13220,8925421
1027,19,Portugal,5,1,2,395394,8925421
1028,20,Portugal,5,1,1,85780,8925421
1029,21,Portugal,6,2,2,843857,8925421
1030,22,Portugal,6,2,1,66398,8925421
1031,23,Portugal,6,1,2,105743,8925421
1032,24,Portugal,6,1,1,32200,8925421
1033,25,Portugal,7,2,2,318078,8925421
1034,26,Portugal,7,2,1,51507,8925421
1035,27,Portugal,7,1,2,69281,8925421
1036,28,Portugal,7,1,1,41424,8925421
1037,29,Portugal,8,2,2,63543,8925421
1038,30,Portugal,8,2,1,38212,8925421
1039,31,Portugal,8,1,2,184616,8925421
1040,32,Portugal,8,1,1,264853,8925421
1041,33,Portugal,9,2,2,72353,8925421
1042,34,Portugal,9,2,1,14082,8925421
1043,35,Portugal,9,1,2,333058,8925421
1044,36,Portugal,9,1,1,289809,8925421
1045,37,Portugal,10,2,2,126431,8925421
1046,38,Portugal,10,2,1,12735,8925421
1047,39,Portugal,10,1,2,436263,8925421
1048,40,Portugal,10,1,1,239424,8925421
1049,41,Portugal,11,2,2,279573,8925421
1050,42,Portugal,11,2,1,21271,8925421
1051,43,Portugal,11,1,2,339680,8925421
1052,44,Portugal,11,1,1,135994,8925421
1053,45,Portugal,12,2,2,1190325,8925421
1054,46,Portugal,12,2,1,129733,8925421
1055,47,Portugal,12,1,2,64304,8925421
1056,48,Portugal,12,1,1,17183,8925421
1057,1,Romania,1,2,2,670360,15735980
1058,2,Romania,1,2,1,14767,15735980
1059,3,Romania,1,1,2,209380,15735980
1060,4,Romania,1,1,1,16040,15735980
1061,5,Romania,2,2,2,150938,15735980
1062,6,Romania,2,2,1,17553,15735980
1063,7,Romania,2,1,2,745072,15735980
1064,8,Romania,2,1,1,215529,15735980
1065,9,Romania,3,2,2,142759,15735980
1066,10,Romania,3,2,1,8243,15735980
1067,11,Romania,3,1,2,928219,15735980
1068,12,Romania,3,1,1,305714,15735980
1069,13,Romania,4,2,2,217078,15735980
1070,14,Romania,4,2,1,13454,15735980
1071,15,Romania,4,1,2,1131902,15735980
1072,16,Romania,4,1,1,219943,15735980
1073,17,Romania,5,2,2,407589,15735980
1074,18,Romania,5,2,1,28657,15735980
1075,19,Romania,5,1,2,541571,15735980
1076,20,Romania,5,1,1,75220,15735980
1077,21,Romania,6,2,2,1321655,15735980
1078,22,Romania,6,2,1,112777,15735980
1079,23,Romania,6,1,2,40423,15735980
1080,24,Romania,6,1,1,5837,15735980
1081,25,Romania,7,2,2,720683,15735980
1082,26,Romania,7,2,1,20572,15735980
1083,27,Romania,7,1,2,106462,15735980
1084,28,Romania,7,1,1,17328,15735980
1085,29,Romania,8,2,2,349518,15735980
1086,30,Romania,8,2,1,35909,15735980
1087,31,Romania,8,1,2,434699,15735980
1088,32,Romania,8,1,1,253500,15735980
1089,33,Romania,9,2,2,341288,15735980
1090,34,Romania,9,2,1,23767,15735980
1091,35,Romania,9,1,2,587116,15735980
1092,36,Romania,9,1,1,357482,15735980
1093,37,Romania,10,2,2,437230,15735980
1094,38,Romania,10,2,1,12480,15735980
1095,39,Romania,10,1,2,845629,15735980
1096,40,Romania,10,1,1,252273,15735980
1097,41,Romania,11,2,2,688393,15735980
1098,42,Romania,11,2,1,40622,15735980
1099,43,Romania,11,1,2,356841,15735980
1100,44,Romania,11,1,1,87878,15735980
1101,45,Romania,12,2,2,2088579,15735980
1102,46,Romania,12,2,1,105174,15735980
1103,47,Romania,12,1,2,28443,15735980
1104,48,Romania,12,1,1,3434,15735980
1105,1,Slovakia,1,2,2,173087,4508792
1106,2,Slovakia,1,2,1,8508,4508792
1107,3,Slovakia,1,1,2,62984,4508792
1108,4,Slovakia,1,1,1,2819,4508792
1109,5,Slovakia,2,2,2,41561,4508792
1110,6,Slovakia,2,2,1,10333,4508792
1111,7,Slovakia,2,1,2,224608,4508792
1112,8,Slovakia,2,1,1,94331,4508792
1113,9,Slovakia,3,2,2,43484,4508792
1114,10,Slovakia,3,2,1,3418,4508792
1115,11,Slovakia,3,1,2,297194,4508792
1116,12,Slovakia,3,1,1,108006,4508792
1117,13,Slovakia,4,2,2,42143,4508792
1118,14,Slovakia,4,2,1,3162,4508792
1119,15,Slovakia,4,1,2,277799,4508792
1120,16,Slovakia,4,1,1,71795,4508792
1121,17,Slovakia,5,2,2,99560,4508792
1122,18,Slovakia,5,2,1,14572,4508792
1123,19,Slovakia,5,1,2,177949,4508792
1124,20,Slovakia,5,1,1,46858,4508792
1125,21,Slovakia,6,2,2,293939,4508792
1126,22,Slovakia,6,2,1,62614,4508792
1127,23,Slovakia,6,1,2,12351,4508792
1128,24,Slovakia,6,1,1,10807,4508792
1129,25,Slovakia,7,2,2,182970,4508792
1130,26,Slovakia,7,2,1,15199,4508792
1131,27,Slovakia,7,1,2,30853,4508792
1132,28,Slovakia,7,1,1,6412,4508792
1133,29,Slovakia,8,2,2,53656,4508792
1134,30,Slovakia,8,2,1,34607,4508792
1135,31,Slovakia,8,1,2,117913,4508792
1136,32,Slovakia,8,1,1,147964,4508792
1137,33,Slovakia,9,2,2,63671,4508792
1138,34,Slovakia,9,2,1,11544,4508792
1139,35,Slovakia,9,1,2,202549,4508792
1140,36,Slovakia,9,1,1,146060,4508792
1141,37,Slovakia,10,2,2,53895,4508792
1142,38,Slovakia,10,2,1,4500,4508792
1143,39,Slovakia,10,1,2,229114,4508792
1144,40,Slovakia,10,1,1,96294,4508792
1145,41,Slovakia,11,2,2,126099,4508792
1146,42,Slovakia,11,2,1,12562,4508792
1147,43,Slovakia,11,1,2,165933,4508792
1148,44,Slovakia,11,1,1,57869,4508792
1149,45,Slovakia,12,2,2,486299,4508792
1150,46,Slovakia,12,2,1,56929,4508792
1151,47,Slovakia,12,1,2,12567,4508792
1152,48,Slovakia,12,1,1,9451,4508792
1153,1,Slovenia,1,2,2,57376,1769104
1154,2,Slovenia,1,2,1,2788,1769104
1155,3,Slovenia,1,1,2,28726,1769104
1156,4,Slovenia,1,1,1,3863,1769104
1157,5,Slovenia,2,2,2,9801,1769104
1158,6,Slovenia,2,2,1,4928,1769104
1159,7,Slovenia,2,1,2,71280,1769104
1160,8,Slovenia,2,1,1,43032,1769104
1161,9,Slovenia,3,2,2,8806,1769104
1162,10,Slovenia,3,2,1,2268,1769104
1163,11,Slovenia,3,1,2,90684,1769104
1164,12,Slovenia,3,1,1,61012,1769104
1165,13,Slovenia,4,2,2,8841,1769104
1166,14,Slovenia,4,2,1,1602,1769104
1167,15,Slovenia,4,1,2,96405,1769104
1168,16,Slovenia,4,1,1,50143,1769104
1169,17,Slovenia,5,2,2,54481,1769104
1170,18,Slovenia,5,2,1,8014,1769104
1171,19,Slovenia,5,1,2,56760,1769104
1172,20,Slovenia,5,1,1,29288,1769104
1173,21,Slovenia,6,2,2,140843,1769104
1174,22,Slovenia,6,2,1,39455,1769104
1175,23,Slovenia,6,1,2,7847,1769104
1176,24,Slovenia,6,1,1,5229,1769104
1177,25,Slovenia,7,2,2,56367,1769104
1178,26,Slovenia,7,2,1,3534,1769104
1179,27,Slovenia,7,1,2,20183,1769104
1180,28,Slovenia,7,1,1,4318,1769104
1181,29,Slovenia,8,2,2,12657,1769104
1182,30,Slovenia,8,2,1,8352,1769104
1183,31,Slovenia,8,1,2,31053,1769104
1184,32,Slovenia,8,1,1,60316,1769104
1185,33,Slovenia,9,2,2,10626,1769104
1186,34,Slovenia,9,2,1,5535,1769104
1187,35,Slovenia,9,1,2,44294,1769104
1188,36,Slovenia,9,1,1,83460,1769104
1189,37,Slovenia,10,2,2,13194,1769104
1190,38,Slovenia,10,2,1,2772,1769104
1191,39,Slovenia,10,1,2,66902,1769104
1192,40,Slovenia,10,1,1,62555,1769104
1193,41,Slovenia,11,2,2,61687,1769104
1194,42,Slovenia,11,2,1,11547,1769104
1195,43,Slovenia,11,1,2,41366,1769104
1196,44,Slovenia,11,1,1,33546,1769104
1197,45,Slovenia,12,2,2,201717,1769104
1198,46,Slovenia,12,2,1,42388,1769104
1199,47,Slovenia,12,1,2,4998,1769104
1200,48,Slovenia,12,1,1,2268,1769104
1201,1,Spain,1,2,2,1592836,40294810
1202,2,Spain,1,2,1,123660,40294810
1203,3,Spain,1,1,2,406217,40294810
1204,4,Spain,1,1,1,151464,40294810
1205,5,Spain,2,2,2,411958,40294810
1206,6,Spain,2,2,1,198989,40294810
1207,7,Spain,2,1,2,1071956,40294810
1208,8,Spain,2,1,1,956379,40294810
1209,9,Spain,3,2,2,357574,40294810
1210,10,Spain,3,2,1,138208,40294810
1211,11,Spain,3,1,2,1627668,40294810
1212,12,Spain,3,1,1,1282808,40294810
1213,13,Spain,4,2,2,501243,40294810
1214,14,Spain,4,2,1,131463,40294810
1215,15,Spain,4,1,2,1907389,40294810
1216,16,Spain,4,1,1,1324370,40294810
1217,17,Spain,5,2,2,925039,40294810
1218,18,Spain,5,2,1,242728,40294810
1219,19,Spain,5,1,2,1310024,40294810
1220,20,Spain,5,1,1,746726,40294810
1221,21,Spain,6,2,2,3109063,40294810
1222,22,Spain,6,2,1,864645,40294810
1223,23,Spain,6,1,2,86104,40294810
1224,24,Spain,6,1,1,89334,40294810
1225,25,Spain,7,2,2,1519866,40294810
1226,26,Spain,7,2,1,157584,40294810
1227,27,Spain,7,1,2,269602,40294810
1228,28,Spain,7,1,1,185908,40294810
1229,29,Spain,8,2,2,439177,40294810
1230,30,Spain,8,2,1,328658,40294810
1231,31,Spain,8,1,2,701589,40294810
1232,32,Spain,8,1,1,1119277,40294810
1233,33,Spain,9,2,2,600265,40294810
1234,34,Spain,9,2,1,281627,40294810
1235,35,Spain,9,1,2,1064742,40294810
1236,36,Spain,9,1,1,1484925,40294810
1237,37,Spain,10,2,2,847809,40294810
1238,38,Spain,10,2,1,292110,40294810
1239,39,Spain,10,1,2,1302651,40294810
1240,40,Spain,10,1,1,1399328,40294810
1241,41,Spain,11,2,2,1339159,40294810
1242,42,Spain,11,2,1,322803,40294810
1243,43,Spain,11,1,2,997105,40294810
1244,44,Spain,11,1,1,705295,40294810
1245,45,Spain,12,2,2,4598783,40294810
1246,46,Spain,12,2,1,638139,40294810
1247,47,Spain,12,1,2,81210,40294810
1248,48,Spain,12,1,1,59352,40294810
1249,1,Sweden,1,2,2,286164,8490912
1250,2,Sweden,1,2,1,11999,8490912
1251,3,Sweden,1,1,2,228544,8490912
1252,4,Sweden,1,1,1,22093,8490912
1253,5,Sweden,2,2,2,72663,8490912
1254,6,Sweden,2,2,1,33388,8490912
1255,7,Sweden,2,1,2,366993,8490912
1256,8,Sweden,2,1,1,273440,8490912
1257,9,Sweden,3,2,2,41743,8490912
1258,10,Sweden,3,2,1,19703,8490912
1259,11,Sweden,3,1,2,303888,8490912
1260,12,Sweden,3,1,1,308536,8490912
1261,13,Sweden,4,2,2,44980,8490912
1262,14,Sweden,4,2,1,15786,8490912
1263,15,Sweden,4,1,2,366121,8490912
1264,16,Sweden,4,1,1,244515,8490912
1265,17,Sweden,5,2,2,102079,8490912
1266,18,Sweden,5,2,1,28453,8490912
1267,19,Sweden,5,1,2,342555,8490912
1268,20,Sweden,5,1,1,148162,8490912
1269,21,Sweden,6,2,2,611585,8490912
1270,22,Sweden,6,2,1,209693,8490912
1271,23,Sweden,6,1,2,103998,8490912
1272,24,Sweden,6,1,1,64562,8490912
1273,25,Sweden,7,2,2,270490,8490912
1274,26,Sweden,7,2,1,11847,8490912
1275,27,Sweden,7,1,2,185050,8490912
1276,28,Sweden,7,1,1,30687,8490912
1277,29,Sweden,8,2,2,92558,8490912
1278,30,Sweden,8,2,1,54363,8490912
1279,31,Sweden,8,1,2,199210,8490912
1280,32,Sweden,8,1,1,361507,8490912
1281,33,Sweden,9,2,2,61680,8490912
1282,34,Sweden,9,2,1,37950,8490912
1283,35,Sweden,9,1,2,169178,8490912
1284,36,Sweden,9,1,1,372184,8490912
1285,37,Sweden,10,2,2,62711,8490912
1286,38,Sweden,10,2,1,23790,8490912
1287,39,Sweden,10,1,2,244813,8490912
1288,40,Sweden,10,1,1,321122,8490912
1289,41,Sweden,11,2,2,118234,8490912
1290,42,Sweden,11,2,1,38511,8490912
1291,43,Sweden,11,1,2,239144,8490912
1292,44,Sweden,11,1,1,215309,8490912
1293,45,Sweden,12,2,2,676529,8490912
1294,46,Sweden,12,2,1,342739,8490912
1295,47,Sweden,12,1,2,54599,8490912
1296,48,Sweden,12,1,1,55060,8490912
